epoch,step,name,value
1,100,loss,0.508591890335083
1,200,loss,0.3394607603549957
1,300,loss,0.36382564902305603
1,400,loss,0.34359413385391235
1,500,loss,0.2833247482776642
1,600,loss,0.1913391500711441
2,100,loss,0.1186433881521225
2,200,loss,0.1649673581123352
2,300,loss,0.08852287381887436
2,400,loss,0.036611322313547134
2,500,loss,0.11529827117919922
2,600,loss,0.050374407321214676
