epoch,step,name,value
1,0,learning_rate,0.01
1,100,loss,0.6578052639961243
1,200,loss,0.400015264749527
1,300,loss,0.3035382032394409
1,400,loss,0.20591747760772705
1,500,loss,0.06444147229194641
1,600,loss,0.15033645927906036
2,0,learning_rate,0.01
2,100,loss,0.13554894924163818
2,200,loss,0.14188484847545624
2,300,loss,0.08153391629457474
2,400,loss,0.0870029628276825
2,500,loss,0.025329718366265297
2,600,loss,0.0655081495642662
