epoch,step,name,value
1,100,loss,0.5321488380432129
1,200,loss,0.21490716934204102
1,300,loss,0.13152939081192017
1,400,loss,0.1391199678182602
1,500,loss,0.1475611925125122
1,600,loss,0.027759963646531105
2,100,loss,0.05201823264360428
2,200,loss,0.046615246683359146
2,300,loss,0.09467761218547821
2,400,loss,0.08020806312561035
2,500,loss,0.11972961574792862
2,600,loss,0.0900539755821228
