{
    "PREP": 4.981423377990723,
    "EPOCHS": [
        4.30008339881897,
        3.8215456008911133
    ]
}