{
    "PREP": 2.155012369155884,
    "EPOCHS": [
        3.9520537853240967,
        3.804661273956299
    ]
}